[
  {
    "value": "No images are showing when I go to the registration page.",
    "synonyms": [
      "No images are showing when I go to the registration page."
    ]
  },
  {
    "value": "The registration button is not aligned correctly",
    "synonyms": [
      "The registration button is not aligned correctly"
    ]
  },
  {
    "value": "Images are not loading",
    "synonyms": [
      "Images are not loading"
    ]
  },
  {
    "value": "Registration button is misaligned",
    "synonyms": [
      "Registration button is misaligned"
    ]
  },
  {
    "value": "At the registration page, the images are not loading",
    "synonyms": [
      "At the registration page, the images are not loading"
    ]
  },
  {
    "value": "The registration button is not aligned",
    "synonyms": [
      "The registration button is not aligned"
    ]
  },
  {
    "value": "Registration button misaligned",
    "synonyms": [
      "Registration button misaligned"
    ]
  },
  {
    "value": "Images not loading at registration page.",
    "synonyms": [
      "Images not loading at registration page."
    ]
  },
  {
    "value": "Registration button not aligned.",
    "synonyms": [
      "Registration button not aligned."
    ]
  }
]