[
  {
    "value": "Button misaligned",
    "synonyms": [
      "Button misaligned"
    ]
  },
  {
    "value": "Image not showing",
    "synonyms": [
      "Image not showing"
    ]
  },
  {
    "value": "Button is misaligned",
    "synonyms": [
      "Button is misaligned"
    ]
  },
  {
    "value": "Images not loading",
    "synonyms": [
      "Images not loading"
    ]
  },
  {
    "value": "Images are now showing",
    "synonyms": [
      "Images are now showing"
    ]
  },
  {
    "value": "misaligned button",
    "synonyms": [
      "misaligned button"
    ]
  },
  {
    "value": "The images are not loading",
    "synonyms": [
      "The images are not loading"
    ]
  }
]