[
  {
    "id": "e2028763-c09f-4e3b-90be-ced34106af88",
    "data": [
      {
        "text": "Images are not loading at the registration page.",
        "alias": "Description",
        "meta": "@Description",
        "userDefined": true
      }
    ],
    "isTemplate": false,
    "count": 0,
    "updated": 1524032391
  },
  {
    "id": "40959218-7725-4e04-87ae-91cfc30a264d",
    "data": [
      {
        "text": "Images not loading at registration page.",
        "alias": "Description",
        "meta": "@Description",
        "userDefined": true
      }
    ],
    "isTemplate": false,
    "count": 0,
    "updated": 1524032391
  },
  {
    "id": "19b0904f-4ba2-4fc0-b507-e2a7fcd145c0",
    "data": [
      {
        "text": "Registration button not aligned.",
        "alias": "Description",
        "meta": "@Description",
        "userDefined": true
      }
    ],
    "isTemplate": false,
    "count": 0,
    "updated": 1524032391
  },
  {
    "id": "c76b911c-793a-4432-b4b9-04692eb0e3cd",
    "data": [
      {
        "text": "Registration button misaligned.",
        "alias": "Description",
        "meta": "@Description",
        "userDefined": true
      }
    ],
    "isTemplate": false,
    "count": 0,
    "updated": 1524032391
  },
  {
    "id": "8a2848fc-bab9-4ef1-bc9d-64fe8cd032fd",
    "data": [
      {
        "text": "The registration button is not aligned.",
        "alias": "Description",
        "meta": "@Description",
        "userDefined": true
      }
    ],
    "isTemplate": false,
    "count": 0,
    "updated": 1524032391
  },
  {
    "id": "479c3dfb-0be8-49ca-b636-bd7405247263",
    "data": [
      {
        "text": "Registration button is misaligned.",
        "alias": "Description",
        "meta": "@Description",
        "userDefined": true
      }
    ],
    "isTemplate": false,
    "count": 0,
    "updated": 1524032391
  },
  {
    "id": "c4a6a293-01df-4664-8a86-66a2a7de03ae",
    "data": [
      {
        "text": "Images are not loading.",
        "alias": "Description",
        "meta": "@Description",
        "userDefined": true
      }
    ],
    "isTemplate": false,
    "count": 0,
    "updated": 1524032391
  },
  {
    "id": "a491d51f-7561-4877-a3ab-8fa2ae7195fe",
    "data": [
      {
        "text": "At the registration page, the images are not loading.",
        "alias": "Description",
        "meta": "@Description",
        "userDefined": true
      }
    ],
    "isTemplate": false,
    "count": 0,
    "updated": 1524032391
  }
]