[
  {
    "id": "a73638bd-6dc9-47c9-9bec-13c4360930de",
    "data": [
      {
        "text": "The images are not loading.",
        "alias": "Title",
        "meta": "@Title",
        "userDefined": true
      }
    ],
    "isTemplate": false,
    "count": 0,
    "updated": 1524031917
  },
  {
    "id": "efaa1d78-04f2-4dd8-9a36-96cf893e6068",
    "data": [
      {
        "text": "Images not loading.",
        "alias": "Title",
        "meta": "@Title",
        "userDefined": true
      }
    ],
    "isTemplate": false,
    "count": 0,
    "updated": 1524031917
  },
  {
    "id": "476fd621-cdda-420e-bbf4-86ed8285fac7",
    "data": [
      {
        "text": "Images are now showing.",
        "alias": "Title",
        "meta": "@Title",
        "userDefined": true
      }
    ],
    "isTemplate": false,
    "count": 0,
    "updated": 1524031917
  },
  {
    "id": "eee4492f-d189-41e7-8ff7-556b05bff2cc",
    "data": [
      {
        "text": "Button is misaligned.",
        "alias": "Title",
        "meta": "@Title",
        "userDefined": true
      }
    ],
    "isTemplate": false,
    "count": 0,
    "updated": 1524031917
  },
  {
    "id": "053f3491-220d-46e9-a401-a8050682865d",
    "data": [
      {
        "text": "Misaligned button.",
        "alias": "Title",
        "meta": "@Title",
        "userDefined": true
      }
    ],
    "isTemplate": false,
    "count": 0,
    "updated": 1524031917
  },
  {
    "id": "f67a52dd-98fb-4a75-b067-9518f078dc1d",
    "data": [
      {
        "text": "Button misaligned.",
        "alias": "Title",
        "meta": "@Title",
        "userDefined": false
      }
    ],
    "isTemplate": false,
    "count": 0,
    "updated": 1524031917
  }
]