[
  {
    "id": "e2ad2780-dc77-4021-9780-114f35fad7b1",
    "data": [
      {
        "text": "I need help!",
        "userDefined": false
      }
    ],
    "isTemplate": false,
    "count": 0,
    "updated": 1524030375
  },
  {
    "id": "77d9498a-31b5-47c8-89a4-7cfc69a7d9cf",
    "data": [
      {
        "text": "Help me!",
        "userDefined": false
      }
    ],
    "isTemplate": false,
    "count": 0,
    "updated": 1524030375
  },
  {
    "id": "be284cbd-6eb0-45d7-b151-a5f39a411dc8",
    "data": [
      {
        "text": "I need help",
        "userDefined": false
      }
    ],
    "isTemplate": false,
    "count": 0,
    "updated": 1524030375
  }
]