[
  {
    "id": "5d2d367d-e17d-40eb-bc0f-b0482eafd5c3",
    "data": [
      {
        "text": "It\u0027s a ",
        "userDefined": false
      },
      {
        "text": "UI",
        "alias": "Issue",
        "meta": "@issue",
        "userDefined": false
      },
      {
        "text": " issue.",
        "userDefined": false
      }
    ],
    "isTemplate": false,
    "count": 0,
    "updated": 1524025280
  },
  {
    "id": "33240ade-3322-4b23-bd37-2de1d12e92f3",
    "data": [
      {
        "text": "Yes it\u0027s a ",
        "userDefined": false
      },
      {
        "text": "UI",
        "alias": "Issue",
        "meta": "@issue",
        "userDefined": false
      },
      {
        "text": " issue",
        "userDefined": false
      }
    ],
    "isTemplate": false,
    "count": 0,
    "updated": 1524025280
  },
  {
    "id": "1ab4a7f4-0465-4368-8d03-8a29b4077026",
    "data": [
      {
        "text": "Yeah, a ",
        "userDefined": false
      },
      {
        "text": "UI",
        "alias": "Issue",
        "meta": "@issue",
        "userDefined": true
      },
      {
        "text": " ",
        "userDefined": false
      },
      {
        "text": "issue",
        "meta": "@sys.ignore",
        "userDefined": true
      },
      {
        "text": ".",
        "userDefined": false
      }
    ],
    "isTemplate": false,
    "count": 0,
    "updated": 1524025280
  },
  {
    "id": "3a4980f4-69e8-46c7-9c63-88266cf9a27e",
    "data": [
      {
        "text": "UI",
        "alias": "Issue",
        "meta": "@issue",
        "userDefined": true
      },
      {
        "text": " issue",
        "userDefined": false
      }
    ],
    "isTemplate": false,
    "count": 0,
    "updated": 1524025280
  },
  {
    "id": "aac6f535-5a34-4bfa-9221-853e45df5588",
    "data": [
      {
        "text": "i have an issue with ",
        "userDefined": false
      },
      {
        "text": "UI",
        "alias": "Issue",
        "meta": "@issue",
        "userDefined": true
      }
    ],
    "isTemplate": false,
    "count": 0,
    "updated": 1524025280
  }
]